{"vfs": [0.3343505859375, 0.548095703125, 0.571044921875, 0.52679443359375, 0.22821044921875, 0.61981201171875, 0.60546875, 0.6163330078125, 0.5526123046875, 0.76141357421875, 0.61444091796875, 0.41510009765625, 0.592529296875, 0.49627685546875, 0.59356689453125, 0.5736083984375, 0.42620849609375, 0.72894287109375, 0.60235595703125, 0.6048583984375, 0.439697265625, 0.561279296875, 0.43133544921875, 0.62548828125, 0.6341552734375, 0.53863525390625, 0.5843505859375, 0.451904296875, 0.44073486328125, 0.4205322265625, 0.60540771484375, 0.373046875, 0.5245361328125, 0.74267578125, 0.66876220703125, 0.61981201171875, 0.59619140625, 0.4091796875, 0.73944091796875, 0.54925537109375, 0.46466064453125, 0.4237060546875, 0.7392578125, 0.69384765625, 0.42999267578125, 0.54962158203125, 0.587158203125, 0.56781005859375, 0.587158203125, 0.692626953125], "c11s": [0.05490211630019791, 0.25228062014183716, 0.2976413578063869, 0.20255710532523508, 0.023274738811165895, 0.35344795759928654, 0.2263613781913324, 0.3214782516023832, 0.2541935501701783, 0.2940877641755611, 0.2880690280912539, 0.009392915135974737, 0.3721558094487612, 0.25680321320750565, 0.2520021366558878, 0.2654005287950086, 0.17509597292934573, 0.408901178708641, 0.18964790839004236, 0.11840507483266981, 0.1371674832798258, 0.181278723197553, 0.049655000650600196, 0.31074308721987376, 0.22722517617864532, 0.27022176308035584, 0.19423234763507902, 0.06211352745906008, 0.21688239731996733, 0.016167709491618245, 0.275020785499521, 0.06947525902384324, 0.15116764925224127, 0.42861525126760913, 0.33869019618611756, 0.35989750349590105, 0.23664657581253248, 0.08229827065029915, 0.25014349140443076, 0.23279745780596967, 0.16024984941053322, 0.1782046856216397, 0.4203131210677305, 0.45329941457931927, 0.05829824094485932, 0.10830255104659245, 0.20111667997443258, 0.30845574897312755, 0.218296882527407, 0.303878599433687], "ks": [0.023246201608047207, 0.15294430908164403, 0.12694860346562198, 0.1473997007257674, 0.012097116245801863, 0.18474475000931853, 0.1653079153806502, 0.10180971958531089, 0.12851888539803247, 0.1673895972515719, 0.17224936756579318, 0.005241880544218516, 0.16743560774405855, 0.1088036861021073, 0.09687135466909104, 0.1576697381961092, 0.11558730804187893, 0.14486333005679458, 0.08892812492283146, 0.16333215198033785, 0.035786778253624286, 0.18033293592355554, 0.09350170194271357, 0.10753352061288611, 0.1560743910725003, 0.15905945893683326, 0.0850465793483859, 0.016831971929775636, 0.06011666705691773, 0.02074713178904181, 0.11024233432183493, 0.025811323652412503, 0.13968438092707325, 0.2674235379694476, 0.1898432710239319, 0.1383834797569318, 0.17624718256229066, 0.08232934041553225, 0.15194258428047014, 0.08417977969850965, 0.04290455545765972, 0.1065476350070966, 0.2759936834489088, 0.24984213399622351, 0.05636021625121547, 0.13815137447413897, 0.10476718820641703, 0.14372002621669677, 0.14896457059354765, 0.20969984985836945]}